<!DOCTYPE mapper
    PUBLIC "-//mybatis.org//DTD Mapper 3.0//EN"
    "http://mybatis.org/dtd/mybatis-3-mapper.dtd">
<mapper namespace="kr.co.gdu.restapp.mapper.MemberMapper">
    <select id="selectMemberList" resultType="kr.co.gdu.restapp.vo.Member">
        SELECT 
            id
            ,pw
            ,name
            ,age
            ,gender 
        FROM member
    </select>
    
    <insert id="insertMember" parameterType="kr.co.gdu.restapp.vo.Member">
        INSERT INTO member(
            id
            ,pw
            ,name
            ,age
            ,gender
        ) VALUES (
            #{id}
            ,#{pw}
            ,#{name}
            ,#{age}
            ,#{gender}
        )
    </insert>
    
    <delete id="deleteMember" parameterType="kr.co.gdu.restapp.vo.Member">
        DELETE FROM 
            member 
        WHERE id=#{id}
    </delete>
    
    <update id="updateMember" parameterType="kr.co.gdu.restapp.vo.Member">
        UPDATE member 
        SET pw=#{pw}
            ,name=#{name}
            ,age=#{age}
            ,gender=#{gender}
        WHERE id=#{id}
    </update>
</mapper>