<?xml version="1.0" encoding="UTF-8"?>
<!DOCTYPE mapper PUBLIC "-//mybatis.org//DTD Mapper 3.0//EN" "http://mybatis.org/dtd/mybatis-3-mapper.dtd">
<mapper namespace="kr.co.gdu.fileupload.mapper.NoticefileMapper">

	<select id="selectNoticefileNameList"
			parameterType="int"
			resultType="String">
		select
			noticefile_name
		from noticefile
		where notice_id = #{ noticeId }
	</select>

	<select id="selectNoticefileList"
			parameterType="int"
			resultType="kr.co.gdu.fileupload.vo.Noticefile">
		select 
			noticefile_id noticefileId
			, noticefile_name noticefileName
			, noticefile_type noticefileType
			, noticefile_size noticefileSize
		from noticefile
		where notice_id = #{ noticeId }
	</select>
	
	<insert id="insertNoticefile"
			parameterType="kr.co.gdu.fileupload.vo.Noticefile">
		insert into noticefile (
			notice_id
			, noticefile_name
			, noticefile_type
			, noticefile_size
		) values (
			#{ noticeId }
			, #{ noticefileName }
			, #{ noticefileType }
			, #{ noticefileSize }
		)
	</insert>
	
	<delete id="deletenoticefileList"
			parameterType="int">
		delete from noticefile
		where notice_id = #{ noticeId }
	</delete>
	
	<delete id="deletenoticeOne"
			parameterType="int">
		delete from noticefile
		where noticefile_id = #{ noticefileId }
	</delete>

</mapper>